id_author	id_work
a/LAlJadir	4517485
15/1594	4517485
a/PAtzeni	4517487
b/LadjelBellatreche	4517488
k/KKarlapalem	4517488
181/2689-1	4517488
b/SBergamaschi	4517489
s/ClaudioSartori	4517489
b/SSBhowmick	4517492
n/WeeKeongNg	4517492
l/EePengLim	4517492
80/7037	4517494
c/SilvanaCastano	4517495
a/ValeriaDeAntonellis	4517495
45/1072	4517495
23/3970	4517496
82/6985	4517496
e/DWEmbley	4517501
c/DougCampbell	4517501
64/2889	4517501
l/StephenWLiddle	4517501
08/4453	4517501
q/DQuass	4517501
91/243	4517501
61/2685	4517504
s/KlausDieterSchewe	4517504
t/BernhardThalheim	4517504
69/751	4517505
14/4955	4517505
13/5740	4517509
f/JulianaKusterFilipe	4517509
k/MojganKowsari	4517509
e/SilkeEckstein	4517509
97/5205	4517509
e/HDEhrich	4517509
63/3599	4517510
60/6348	4517510
s/LawrenceVSaxton	4517510
02/1104	4517511
75/6791	4517513
p/BarbaraPaech	4517513
28/4088	4517513
h/SvenHartmann	4517515
j/ManfredAJeusfeld	4517523
q/ChristophQuix	4517523
j/MatthiasJarke	4517523
07/3075	4517524
61/962	4517524
32/3382	4517524
46/985	4517530
e/RamezElmasri	4517530
l/EePengLim	4517532
78/4406	4517532
l/MengchiLiu	4517534
50/1160	4517534
19/3024	4517536
19/3024	4517537
69/3476	4517537
73/4633	4517537
m/AllenMoulton	4517539
b/SBressan	4517539
m/StuartEMadnick	4517539
46/1802	4517539
n/ShahrulAzmanNoah	4517543
69/7004	4517543
p/OscarPastor	4517545
29/4995	4517545
i/EmilioInsfran	4517545
47/943	4517545
01/6386	4517549
g/MartinGogolla	4517549
32/2487	4517551
35/3261	4517551
47/6046	4517557
79/5989	4517557
28/2245	4517558
44/4573	4517558
71/5536	4517558
61/3913	4517558
43/4008	4517559
t/DimitriTheodoratos	4517566
s/TimosKSellis	4517566
57/2745	4517567
86/314	3996339
156/1036	3996339
29/1174	3996339
m/EdlenoSilvadeMoura	3996339
s/ASdaSilva	3996339
b/BoualemBenatallah	3996343
c/FabioCasati	3996343
t/FaroukToumani	3996343
02/5154	3996345
20/1814	3996345
j/PaulJohannesson	3996345
01/1248	3996345
58/576	3996351
d/LMLDelcambre	3996351
10/1032	3996352
p/LorisPenserini	3996352
84/2138	3996352
k/TKuflik	3996352
18/948	3996354
41/3374	3996354
c/FabioCasati	3996356
04/4211	3996356
64/561	3996356
14/2029	3996357
64/4678	3996357
w/MinWang	3996357
71/5257	3996361
89/4942	3996361
75/3344	3996362
65/3279	3996362
r/MichaelRosemann	3996362
95/5445	3996362
95/2413	3996363
73/11012	3996363
t/BernhardThalheim	3996363
68/5409	3996365
a/WilMPvanderAalst	3996365
06/2326	3996367
w/RoelWieringa	3996367
g/JaapGordijn	3996367
e/DWEmbley	3996368
l/StephenWLiddle	3996368
10/5024	3996368
54/5057	3996369
74/1928	3996369
37/4469	3996369
c/SChakravarthy	3996369
23/2535-1	3996370
p/APoulovassilis	3996370
71/5979	3996371
24/3477	3996371
66/3108	3996371
09/6014	3996371
f/EduardoFernandezMedina	3996373
50/2311	3996373
33/2661	3996373
p/MPiattini	3996373
99/5874	3996375
t/AndreaTagarelli	3996375
23/1761	3996379
w/MinWang	3996379
w/XiaoyangSeanWang	3996379
p/SPadmanabhan	3996379
17/1770	3996386
91/2168	3996386
06/298	3996389
39/721-1	3996389
b/DavidABell	3996389
18/497	3996389
51/6972	3996392
l/TokWangLing	3996392
89/6279	3996393
s/IlYeolSong	3996393
60/2259	3996394
k/WKiessling	3996394
04/3227	3996396
42/5655	3996396
22/852	3996397
95/3433	3996397
s/JaideepSrivastava	3996397
83/6873	3996397
29/2643	3996399
b/MichaelHBohlen	3996399
60/5394	3996404
14/2029	3996404
01/4794	3996404
67/5511	3996404
17/6212	3996407
23/773	3996407
h/TheoHarder	3996407
61/2115-1	3996415
33/5374	3996415
63/2921	3996417
n/WilfredNg	3996417
l/SLujanMora	3996418
13/1242	3996418
50/2311	3996418
61/780	3996423
k/MasaruKitsuregawa	3996423
89/4942	3996425
29/6675	3996428
65/2353	3996428
c/StefanConrad1	3996428
04/2804	3996430
b/SSBhowmick	3996430
m/SanjayKumarMadria	3996430
55/3343	3996431
55/6965	3996431
72/2619	3996431
87/5216	3996433
a/VAtluri	3996433
17/3798	3996434
24/4105	3996434
r/MichaelRosemann	3996435
65/3279	3996435
09/3176	3996435
21/4899	3996438
g/AmarnathGupta	3996438
71/6602	3996441
s/IlYeolSong	3996441
51/6821	3996443
62/4365	3996443
41/1781	3996444
09/6014	3996444
60/1141	3996445
71/1374	3996445
62/2800	3996447
07/3111	3996447
n/WilfredNg	3996447
33/5488	3996448
65/2105	3996448
52/6788	3996450
94/3756	3996450
82/4206-35	3996450
w/WeiWang9	3996450
s/BaileShi	3996450
t/YannisTzitzikas	3996453
86/1157	3996453
72/4824	3996453
18/391	3996453
39/2637	3996453
23/2699	3996453
85/193	3996453
65/4573	3996453
27/6599	3996453
85/4391	3996454
c/CindyXChen	3996454
32/2991	3996454
04/5919	3996455
32/5663	3996455
m/EsperanzaMarcos	3996455
87/1950	3996456
g/JGGanascia	3996456
27/6106	3996457
45/6607-2	3996460
r/EARundensteiner	3996460
68/6610	3996462
20/5603	3996462
92/5001	3996462
71/2676	3996462
69/3405-1	3996463
z/CZaniolo	3996463
83/75	3996465
b/JamesBailey	3996465
93/1743	3996466
l/MengchiLiu	3996466
15/4924	3996466
97/2966-1	3996469
c/SCCheung	3996469
00/5109	3996469
51/6976	3996470
76/2866	3996470
40/5536	3996470
55/6418	3996472
25/4628	3996472
75/2083	3996472
53/662	3996472
43/4508	3996474
30/2058	3996474
z/DellZhang	3996475
92/6206	3996475
15/906	3996475
25/929-2	274847
139/5684	274847
c/StefanoCeri	274847
230/6733	274849
32/4078	274849
72/3662	274849
66/7740	274850
78/4279	274850
b/FAraujoBaiao	274850
l/SLifschitz	274850
198/9223	274850
s/DanielSchwabe	274850
91/3408	274851
32/4078	274851
11/78	274851
91/3408	274852
251/6055	274852
37/7639	274852
169/2246	274852
11/78	274852
220/6783	274853
251/6094	274853
69/5139	274853
66/10278	274853
96/2864	274853
180/3905	274857
18/10493	274857
20/3634	274857
m/JanMendling	274857
b/ABonifati	274862
81/2020	274862
65/2807	274862
36/1754	274862
236/4773	274862
19/1082	274862
142/8075	274863
251/6001	274863
45/1628	274863
250/0503	274864
s/ChantalSouleDupuy	274864
82/5349	274864
116/5369	274866
18/948	274866
07/1881	274866
g/MartinGogolla	274866
c/PaoloCiaccia	274870
14/6896	274870
t/RiccardoTorlone	274870
13/2106	274871
f/XavierFranch	274871
22/2713	274871
91/8213	274871
80/3358	274871
149/9260	274877
53/2190	274877
s/StefanieScherzinger	274877
251/6108	274878
33/6624	274878
46/5275	274878
72/1322-1	274878
169/2246	274879
33/8219	274879
11/78	274879
91/3408	274879
65/6778	274879
121/6099	274881
l/MongLiLee	274881
l/TokWangLing	274881
135/0951	274882
121/5033	274882
151/1055	274882
230/6735	274882
a/MaraAbel	274882
181/8358	274883
116/6894	274883
150/7277	274883
93/151	274883
m/BMitschang	274883
180/8353	274884
72/1322-1	274884
c/JBdCastro	274884
g/SergioGreco	274885
28/168	274885
s/DomenicoSacca	274885
10/5698	274885
75/5043	274886
181/7712	274886
11/78	274886
134/4947	274886
23/5432	274886
163/0801	274888
q/ChristophQuix	274888
23/2060	274888
215/0020	274889
136/4315	274889
g/MatteoGolfarelli	274889
31/1317	274891
91/6048	274891
l/JiahengLu	274891
126/6006	274894
138/4956	274894
122/3300	274894
172/8809	274895
w/MathiasWeske	274895
251/6230	274899
57/7352	274899
50/2311	274899
185/7953	274900
169/1187	274900
75/248	274900
251/6052	274901
29/4724	274901
37/2233	274901
97/1374	274901
55/5266-3	274901
91/4573	274902
229/9133	274902
117/9303	274908
202/6272	274909
k/MeikeKlettke	274909
243/2338	274909
82/1426	274909
248/6659	274911
j/HasanMJamil	274911
40/3673	274914
75/2195	274914
59/5525	274914
205/5972	274915
240/8231	274915
128/0920	274915
128/8062	274915
29/3283	274915
206/3288	274917
131/5507	274917
f/JAFernandesdeMacedo	274917
182/6502	274917
234/6009	274922
83/5938	274922
63/3490	274922
b/FadilaBentayeb	274922
150/5453	274923
b/FAraujoBaiao	274923
78/4279	274923
33/6173	274925
66/10278	274925
h/ThomasTHildebrandt	274925
b/FAraujoBaiao	274925
187/6069	274927
251/6164	274927
46/5778-1	274927
h/SvenHartmann	274927
239/8560	274928
132/3421	274928
03/8213	274928
38/6814	274928
33/4854	274931
81/9436-1	274931
52/6744	274931
235/2508	274931
205/2117	274933
18/10493	274933
m/JanMendling	274933
17/4121	274933
23/4576	3698499
02/5154	3698499
23/448	3698499
97/1206	3698499
j/PaulJohannesson	3698499
g/JaapGordijn	3698499
99/6742	3698499
181/2668	3698499
d/EricDubois1	3698499
a/SAbels	3698499
h/AHahn	3698499
71/6520	3698499
70/260	3698499
62/2993	3698500
f/XavierFranch	3698500
69/1334	3698501
08/5192	3698501
04/5574	3698501
62/1600	3698501
b/ABienemann	3698504
s/KlausDieterSchewe	3698504
t/BernhardThalheim	3698504
93/1543	3698506
v/KVidyasankar	3698506
79/2594	3698507
69/3887	3698507
85/3087	3698507
c/SvenCasteleyn	3698511
35/1095	3698511
57/2745	3698511
s/SamiraSiSaid	3698516
17/544	3698516
c/IsabelleComynWattiau	3698516
55/3262	3698519
m/JohnMylopoulos	3698519
13/2106	3698522
42/5204	3698522
d/LMLDelcambre	3698524
03/6844	3698524
66/626	3698524
49/6209	3698524
w/CarsonCWoo	3698524
34/4155	3698524
d/ShuiguangDeng	3698525
54/6252-1	3698525
73/1446	3698525
22/1805-1	3698525
96/2744-1	3698525
84/1458	3698527
b/JamesBailey	3698527
d/CEDyreson	3698531
s/RichardTSnodgrass	3698531
83/3958	3698531
22/5067	3698531
16/2055	3698534
97/5511	3698534
20/912	3698534
p/OscarPastor	3698534
11/78	3698540
67/3614	3698540
64/2829	3698540
51/6972	3698543
34/6669	3698543
l/EePengLim	3698543
44/746	3698548
69/1511	3698548
27/3416	3698548
65/2353	3698558
c/StefanConrad1	3698558
l/ErwinLeonardi	3698562
b/SSBhowmick	3698562
81/2999	3698565
h/BingshengHe	3698565
07/1560	3698565
16/1049	3698567
72/6796	3698567
40/3898	3698569
50/2311	3698569
13/4189	3698569
62/4946	3698572
85/2269	3698572
b/DjamalBenslimane	3698572
11/6673	3698572
50/3595	3698573
d/LMLDelcambre	3698573
m/DavidMaier	3698573
n/WilfredNg	3698574
08/241	3698575
w/DanielCWolfson	3698575
72/6796	3698579
02/4306	3698579
82/3796	3698579
81/5940	3698579
69/4452	3698579
82/6372	3698581
t/ErnestTeniente	3698581
79/3065	3698582
41/4112	3698582
56/5711	3698582
j/ManfredAJeusfeld	3698582
82/1141	3698584
01/1248	3698584
r/MichaelRosemann	3698584
87/1853	3698585
81/385	3698586
21/4899	3698594
58/4444	3698596
44/3090	3698597
91/4955	3698597
79/5323	3698598
66/4941	3698601
m/JohnMylopoulos	3698601
53/1820	3698603
d/LMLDelcambre	3698603
62/11499	3698603
47/3962	3698606
82/3990	3698613
40/5637	3698617
l/HofungLeung	3698617
35/3432	3698618
70/2080	3698618
17/544	4756900
c/IsabelleComynWattiau	4756900
26/304	4756901
t/TobyJTeorey	4756901
c/SilvanaCastano	4756902
a/ValeriaDeAntonellis	4756902
17/906	4756902
13/1417	4756903
73/2997	4756904
g/FabioGrandi	4756904
s/MariaRitaScalas	4756904
78/4406	4756905
39/1331	4756905
41/1781	4756905
13/6597	4756906
16/2796	4756906
39/6984	4756906
47/4039	4756907
75/6509	4756908
68/7019	4756910
82/5623	4756910
p/PaoloPaolini	4756910
g/MartinGogolla	4756911
08/3222	4756911
c/StefanConrad1	4756911
d/GritDenker	4756911
40/1161	4756911
57/5819	4756912
o/MTamerOzsu	4756912
h/JeanLucHainaut	4756913
91/1899	4756913
69/6894	4756913
87/2382	4756913
23/2072	4756914
78/4046	4756915
o/AndreasOberweis	4756915
s/WolffriedStucky	4756915
j/PaulJohannesson	4756916
51/6969	4756917
c/SChakravarthy	4756917
68/5059	4756918
c/ALPChen	4756918
l/AHFLaender	4756919
01/1633	4756919
36/3146	4756920
58/4371	4756920
14/1411	4756920
62/4840	4756921
n/ShamkantBNavathe	4756921
94/2031	4756922
n/ShamkantBNavathe	4756922
05/4524	4756922
n/MoiraCNorrie	4756923
p/GPernul	4756924
w/WernerWiniwarter	4756924
t/AMinTjoa	4756924
p/RJPeters	4756925
o/MTamerOzsu	4756925
89/68	4756926
d/LMLDelcambre	4756926
65/6326	4756927
81/4166	4756927
r/JohnFRoddick	4756928
70/67	4756928
03/544	4756928
91/167	4756929
s/ArieSegev	4756929
19/6653	4756930
84/6698	4756930
32/777	4756930
85/3145	4756930
s/GiuseppeSantucci	4756931
69/1334	4756931
b/GiuseppeDiBattista	4756931
s/IlYeolSong	4756932
16/1103	4756932
61/6962	4756933
z/ArkadyBZaslavsky	4756933
41/1781	4756934
66/4926	4756934
78/4406	4756934
25/6332	4756934
t/AMinTjoa	4756935
35/3070	4756935
56/5132	4756936
87/1357	4756936
w/JefWijsen	4756937
28/3712	4756937
20/3106	4756937
84/285	4756938
79/4169	4756939
c/ALPChen	4756939
57/6951	4756940
l/PerditaLohr	4756940
k/MeikeKlettke	4575051
77/6570	4575051
72/561	4575051
a/AnastasiaAnalyti	4575052
s/NicolasSpyratos	4575052
c/PConstantopoulos	4575052
06/4749	4575053
69/1334	4575054
41/5733	4575054
78/5491	4575054
18/610	4575055
24/325	4575055
95/3763	4575057
c/WesleyWChu	4575062
93/4065	4575062
13/2106	4575063
89/4942	4575063
89/6678	4575063
19/4751	4575064
35/6102	4575064
d/JLGDietz	4575064
96/6022	4575065
j/PaulJohannesson	4575065
25/6332	4575067
90/3807	4575067
37/1786	4575069
58/1082	4575069
14/3823	4575069
02/3437	4575072
38/3065	4575072
30/3682	4575072
o/RayOffen	4575072
57/5819	4575073
s/DuaneSzafron	4575073
o/MTamerOzsu	4575073
p/RJPeters	4575073
90/4541	4575074
97/4944	4575074
h/TomasHruska	4575075
51/791	4575075
l/MongLiLee	4575078
l/TokWangLing	4575078
l/LingLiu	4575080
p/CaltonPu	4575080
69/7004	4575081
46/6017	4575083
c/SChakravarthy	4575083
m/PeterMcBrien	4575084
p/APoulovassilis	4575084
62/76	4575089
63/5972	4575089
19/3024	4575090
95/6581	4575092
p/NPissinou	4575093
40/3724	4575093
90/4422	4575093
63/5501	4575093
55/3227	4575093
09/6014	4575094
41/1781	4575094
s/KlausDieterSchewe	4575097
s/MichaelSchrefl	4575098
s/MarkusStumptner	4575098
25/9	4575099
59/6558	4575099
03/2849	4575099
52/248	4575099
41/1781	4575102
08/1476	4575102
32/3909	4575102
07/1139	4575104
26/518	4575104
01/568	4575105
43/378	4575105
42/4726	4575105
01/5150	4575107
a/DivyakantAgrawal	4575107
a/AmrElAbbadi	4575107
s/AmbujKSingh	4575107
74/2144	4575108
32/330	4575108
11/1097	640440
48/10140	640440
71/2152	640440
57/7352	640440
226/9545	640440
f/EduardoFernandezMedina	640440
226/9305	640444
74/2905	640444
02/6595	640444
c/CarloCombi	640445
40/2273	640445
w/MathiasWeske	640445
159/9133	640445
d/EDamiani	640447
50/67	640447
d/LMLDelcambre	640450
l/StephenWLiddle	640450
p/OscarPastor	640450
41/1781	640450
172/7667	640453
v/HMWVerbeek	640453
84/9961	640453
a/WilMPvanderAalst	640453
182/7298	640455
32/4078	640455
11/78	640455
75/5043	640455
72/3662	640455
169/2246	640458
91/3408	640458
11/78	640458
37/7639	640458
121/6099	640459
l/MongLiLee	640459
d/GDobbie	640459
09/10639	640459
55/1490	640461
18/948	640461
20/4565	640461
159/3611	640462
r/CRoncancio	640462
99/6361	640462
168/0045	640463
91/3408	640463
11/78	640463
65/6778	640464
134/4947	640464
11/78	640464
11/78	640465
169/2246	640465
40/6577	640465
91/3408	640465
33/8219	640465
134/4947	640465
45/642	640467
89/6013	640467
181/2817	640467
67/1771	640467
55/5031	640467
163/0801	640468
q/ChristophQuix	640468
13/7044	640468
206/6189	640469
01/1997	640469
42/734	640469
206/6189	640470
150/4976	640470
88/2053	640470
82/2871	640470
92/5983	640471
32/1584	640471
14/5303	640471
k/EricKnauss	640471
03/2671	640472
223/8304	640474
02/6428	640474
223/7898	640474
50/7663	640474
98/4156	640474
10/4403	640477
k/KKarlapalem	640477
63/5900	640479
44/8399	640479
85/1455	640479
185/7953	640480
75/6939	640480
32/34	640480
169/1187	640480
75/248	640480
226/9301	640482
37/3102	640482
65/5319	640482
m/WolfgangMaass2	640486
163/2176	640486
120/5512	640487
172/1984	640487
g/SebastienGerard	640487
18/948	640487
m/PeterMcBrien	640488
p/APoulovassilis	640488
20/9709	640489
s/KennethSalem	640489
18/2190	640490
d/MarlonDumas	640490
20/3634	640490
h/AHMterHofstede	640490
20/1969	640491
01/2384	640491
h/AHMterHofstede	640491
46/2181	640491
201/2985	640493
p/OscarPastor	640493
24/5524	640493
79/3065	640499
f/XavierFranch	640499
226/9287	640500
87/3974	640500
151/1439	640500
52/4212	640500
16/6279	640500
226/9308	640500
134/4947	640501
b/FAraujoBaiao	640501
11/78	640501
91/3408	640501
65/6778	640501
m/JohnMylopoulos	640501
191/1088	640502
146/4548	640502
00/6302	640502
72/1322-1	640502
187/6069	640505
226/9452	640505
46/5778-1	640505
h/SvenHartmann	640505
90/9961	640506
79/2229	640506
71/1374	640506
152/3885	640507
94/6230	640507
95/6356	640507
w/XiaoFanWang	640508
75/248	640508
226/9461	640510
226/9468	640510
163/3996	640510
98/6613	640510
40/3980	640510
34/4799	640512
90/4994	640512
25/1610	640512
78/4413	640512
w/ScottNWoodfield	640515
226/9493	640515
226/9365	640515
l/StephenWLiddle	640515
226/9451	640515
e/DWEmbley	640515
191/5350	640517
115/9072	640517
20/3716	640517
s/HananSamet	640517
97/3536	4383398
77/5615	4383398
b/RicardoMeloBastos	4383401
o/JosePalazzoMoreiradeOliveira	4383401
52/617	4383402
g/AndreasGeppert	4383402
d/KRDittrich	4383402
b/ZohraBellahsene	4383403
64/18	4383406
25/1023	4383406
24/325	4383406
60/4009	4383408
94/1083	4383410
l/EePengLim	4383410
n/WeeKeongNg	4383410
c/CindyXChen	4383412
z/CZaniolo	4383412
32/2991	4383413
r/EARundensteiner	4383413
41/5390	4383413
e/REckstein	4383414
37/5709	4383414
f/JCFreytag	4383414
d/GDobbie	4383415
l/TokWangLing	4383415
83/5688	4383416
67/3902	4383416
76/881	4383416
f/EBFernandez	4383417
32/3209	4383417
73/1125	4383418
g/MarcelaGenero	4383419
45/5802	4383419
p/MPiattini	4383419
g/DinaQGoldin	4383421
45/990	4383421
t/BernhardThalheim	4383421
65/6778	4383424
w/CAWelty	4383424
24/325	4383427
h/SvenHartmann	4383428
29/3564	4383429
89/5142	4383429
95/154	4383429
90/1626	4383429
44/1722	4383430
57/1248	4383431
k/GKappel	4383432
50/1096	4383432
46/172	4383432
r/WRetschitzegger	4383432
k/ChristophKoch	4383433
47/3826	4383433
77/480	4383433
75/860	4383433
p/PaoloPetta	4383433
94/1806	4383433
l/DongwonLee	4383434
c/WesleyWChu	4383434
l/DongwonLee	4383435
39/1501	4383435
c/WesleyWChu	4383435
54/503	4383436
s/KlausDieterSchewe	4383436
l/MengchiLiu	4383437
l/TokWangLing	4383437
m/SergeyMelnik	4383439
62/76	4383440
z/JLeonZhao	4383440
78/4516	4383441
s/MariaJoseOrtinIbanez	4383441
14/4639	4383441
97/976	4383441
06/3929	4383441
56/6676	4383444
w/AWegmann	4383444
o/MouradChabaneOussalah	4383445
s/AbdelhakDjamelSeriai	4383445
72/6796	4383446
42/2987	4383446
s/WasimSadiq	4383448
o/MariaEOrlowska	4383448
72/2315	4383449
29/5712	4383449
32/5015	4383451
70/2587	4383452
72/6796	4383452
70/2587	4383453
77/1471	4383453
42/2987	4383453
95/5248	4383454
93/5507	4383455
s/MarkusStumptner	4383456
s/MichaelSchrefl	4383456
67/4024	4383458
233/0688	4383458
05/4987	4383458
01/1248	4383459
167/4929	978854
185/3978	978854
45/2515	978854
f/XavierFranch	978854
152/3876	978856
207/8901	978856
207/8898	978856
a/DanielAmyot	978856
m/JohnMylopoulos	978856
91/3408	978858
169/2246	978858
37/7639	978858
207/8874	978859
207/8869	978859
91/4573	978859
131/3511	978862
166/5500	978862
w/MathiasWeske	978862
25/929-2	978863
c/StefanoCeri	978863
73/1805	978863
32/1035	978863
173/0186	978865
201/2818	978865
s/KlausDieterSchewe	978865
41/5716	978871
52/5368	978871
68/5409	978871
03/8213	978877
132/3421	978877
38/6814	978877
77/4210	978882
02/2279	978882
65/3966	978882
162/8840	978883
s/QuanZSheng	978883
51/8330	978883
30/5025	978883
56/6651	978883
n/AnneHHNgu	978883
204/1567	978886
07/4333	978886
131/3581	978887
g/PaoloGiorgini	978887
m/JohnMylopoulos	978887
g/FaustoGiunchiglia	978889
161/4517	978889
96/1516	978892
117/0754	978892
65/6778	978894
44/746	978902
42/559	978903
73/4908	978903
10/4403	978907
k/KKarlapalem	978907
135/5225	978912
75/4962	978912
l/JuandeLara	978912
185/4856	978913
17/4106	978913
67/4958	978913
30/6548	978914
207/8911	978914
39/6042	978914
117/9303	978916
146/2827	978916
b/WTBalke	978916
80/1914	978918
96/8388	978918
85/897	978918
45/1628	978918
125/0398	978919
r/ManfredReichert	978919
06/11466	978920
207/8859	978920
207/8921	978920
n/MoiraCNorrie	978920
150/7988	978923
t/ErnestTeniente	978923
91/91	978926
e/JEder	978926
150/4990	978926
00/7629	978927
01/9836	978927
g/PaoloGiorgini	978927
m/JohnMylopoulos	978927
51/448	978928
63/2473-1	978928
201/5401	978928
201/5409	978928
201/5373	978928
201/5449	978928
58/8397	978932
l/SebastianLink	978932
164/7207	978935
21/10044	978935
207/8877	978935
g/AdityaKGhose	978935
75/4194	978935
88/4552	978935
164/7207	978936
g/AdityaKGhose	978936
75/4194	978936
54/2257	978936
130/7732	978939
s/MarkusStumptner	978939
s/MichaelSchrefl	978939
130/7659	978939
41/1781	978941
t/BernhardThalheim	978941
08/1361	978942
46/187	978942
22/9220	978942
57/1676	978942
13/1242	978943
207/8906	978943
185/0063	978943
35/3250	978943
153/8034	978947
l/SebastianLink	978947
46/4291	978947
188/9636	1293681
08/10352	1293681
d/MarlonDumas	1293681
20/3634	1293681
35/3500	1293681
72/7119	1293684
f/UlrichFrank	1293684
b/ABorgida	1293685
t/DavidToman	1293685
81/5447	1293685
37/8510	1293686
d/LMLDelcambre	1293686
a/PAtzeni	1293686
163/0138	1293687
188/9861	1293687
13/2962	1293687
l/SebastianLink	1293687
188/9754	1293689
84/8126	1293689
64/3983	1293689
06/3625	1293689
c/AndreaCali	1293690
14/6896	1293690
t/RiccardoTorlone	1293690
134/1282	1293691
139/6939	1293691
00/203	1293691
m/JohnMylopoulos	1293691
g/PaoloGiorgini	1293691
117/9939	1293692
60/7083	1293692
18/948	1293692
153/5130	1293693
s/GersonSunye	1293693
18/948	1293693
06/550	1293695
65/5965	1293695
50/6119	1293695
83/3086	1293695
170/7436	1293696
88/2053	1293696
r/OscarRomero	1293696
82/185	1293698
10/4403	1293698
k/KKarlapalem	1293698
j/ManfredAJeusfeld	1293699
76/970	1293699
74/4217	1293700
03/2671	1293700
11/2522	1293700
171/6213	1293702
25/8214	1293702
132/6986	1293702
50/5895	1293702
54/2034	1293702
188/9619	1293703
62/7321	1293703
16/6118	1293703
116/6118	1293706
00/203	1293706
03/6939	1293706
b/SjaakBrinkkemper	1293706
57/7352	1293707
50/2311	1293707
m/JohnMylopoulos	1293707
75/2556	1293708
57/5319	1293708
00/1299	1293708
60/202	1293708
16/7432	1293709
33/5374	1293709
188/9525	1293709
175/1448	1293710
73/5341	1293710
g/PaoloGiorgini	1293710
m/JohnMylopoulos	1293710
158/5321	1293712
20/7670	1293712
20/3634	1293712
h/AHMterHofstede	1293712
68/5409	1293712
01/9836	1293713
57/7352	1293713
w/CarsonCWoo	1293713
m/JohnMylopoulos	1293713
155/3030	1293714
16/2055	1293714
p/OscarPastor	1293714
24/2943	1293721
46/6111	1293721
50/9819	1293721
28/6504	1293721
48/1099	1293721
186/9743	1293721
147/8229	1293722
76/6288	1293722
19/5940	1293722
10/5521	1293722
71/1374	1293723
96/2875	1293723
66/626	1293723
58/8397	1293724
l/SebastianLink	1293724
184/1794	1293725
p/OscarPastor	1293725
24/5524	1293725
83/2732	1293725
90/11411	1293726
37/2076	1293726
54/2257	1293727
164/7207	1293727
g/AdityaKGhose	1293727
f/LyreneFernandesdS	1293728
m/AnaMoreira	1293728
72/1322-1	1293728
146/4548	1293728
00/6302	1293728
44/2600	1293728
86/5210	1293730
32/855	1293730
67/6123	1293731
92/1057	1293731
51/3678	1293731
152/3885	1293734
95/6356	1293734
97/6505	1293735
185/4320	1293735
24/3418	1293737
188/9631	1293737
n/MoiraCNorrie	1293737
w/ScottNWoodfield	1293738
55/3763	1293738
l/StephenWLiddle	1293738
188/9656	1293738
e/DWEmbley	1293738
188/9573	1293738
133/1757	1293741
120/1924	1293741
47/4875	1293741
39/6042	1293741
61/3088	1293742
188/9678	1293742
28/9579	1293742
23/10154	1293742
m/JohnMylopoulos	1293742
20/3716	2154833
t/YCTay	2154833
82/8538	2154833
14/3678	2154838
137/2810	2154838
60/4380	2154838
137/2813	2154841
p/OscarPastor	2154841
11/78	2154841
35/2350	2154842
137/2816	2154842
89/5510	2154842
t/YannisTheodoridis	2154842
84/4085	2154842
54/10650	2154843
00/203	2154843
m/JohnMylopoulos	2154843
95/6356	2154844
c/SvenCasteleyn	2154844
62/10352	2154844
75/5043	2154848
f/XavierFranch	2154848
11/78	2154848
w/RoelWieringa	2154848
11/78	2154849
w/GerdWagner	2154849
32/4078	2154849
75/5043	2154849
91/3408	2154849
45/5440	2154851
82/1267	2154851
l/GCLow	2154851
96/1516	2154851
34/11440	2154852
90/64-1	2154852
137/2786	2154852
w/MathiasWeske	2154852
k/RolandKaschek	2154858
42/559	2154859
56/5594	2154859
80/8676	2154860
r/ManfredReichert	2154860
75/5456	2154860
k/AkhilKumar	2154860
r/StefanieRinderle	2154860
31/10003	2154861
l/SebastianLink	2154861
87/3758	2154861
133/1040	2154862
99/4453	2154862
l/TokWangLing	2154862
04/11497	2154862
l/JiahengLu	2154862
51/4238	2154863
l/DikLunLee	2154863
69/10440	2154863
91/4573	2154865
45/4211-1	2154865
79/906	2154865
m/JohnMylopoulos	2154865
52/980	2154868
127/6233	2154868
b/WTBalke	2154868
53/9530	2154869
81/5940	2154869
137/2796	2154872
13/1242	2154872
44/2379	2154872
m/GMecca	2154874
42/5536	2154874
32/5873	2154874
t/ErnestTeniente	2154874
27/10220	2154875
89/200	2154875
88/302	2154876
126/2542	2154876
82/31-1	2154876
a/KarlAberer	2154876
64/1366	2154876
87/1973	2154876
g/AvigdorGal	2154876
61/267	2154876
01/9836	2154877
00/203	2154877
g/PaoloGiorgini	2154877
40/3673	2154880
96/1516	2154880
45/5440	2154880
09/6014	2154884
137/2793	2154884
137/2799	2154884
131/1200	2154885
72/6796	2154885
119/3076	2154887
15/5055	2154887
c/ValeriadeCastro	2154887
m/EsperanzaMarcos	2154887
38/8291	2154888
34/2734	2154889
23/10154	2154889
16/4754	2154889
53/5222	2154889
m/JohnMylopoulos	2154889
54/5330-17	2154891
l/PLoucopoulos	2154891
32/3188	2154891
135/0552	2154892
41/887	2154892
w/GaryBWills	2154892
94/8050	2154893
89/4942	2154893
p/JAPastorCollado	2154893
61/267	2154897
137/2834	2154897
63/10471	2154897
g/AvigdorGal	2154897
70/4093	2154898
98/9359	2154899
51/11055	2154899
24/1493	2154899
81/3805	2154899
96/1121	2154900
54/2034	2154900
01/2384	2154900
20/1969	2154900
h/AHMterHofstede	2154900
a/WilMPvanderAalst	2154900
r/MichaelRosemann	2154900
137/2818	2154900
52/8530	2154903
81/4741	2154903
137/2795	2154903
n/MoiraCNorrie	2154903
09/10639	2154904
20/3716	2154904
l/MongLiLee	2154904
l/TokWangLing	2154904
b/GiuseppeDiBattista	4895047
65/919	4895047
t/RobertoTamassia	4895047
b/GiuseppeDiBattista	4895048
l/MLenzerini	4895048
b/SBergamaschi	4895049
34/3695	4895049
s/ClaudioSartori	4895049
t/PaoloTiberio	4895049
c/TCatarci	4895050
92/5765	4895050
c/TCatarci	4895051
s/GiuseppeSantucci	4895051
43/6863	4895052
d/ADogac	4895052
s/StefanoSpaccapietra	4895052
88/6515	4895053
33/1887	4895053
91/350	4895054
45/6894	4895054
33/5403	4895055
41/2449	4895055
90/4541	4895056
g/MartinGogolla	4895056
k/GKappel	4895058
s/MichaelSchrefl	4895058
64/4387	4895059
86/2627-1	4895059
89/5812	4895059
32/4556	4895059
l/TokWangLing	4895060
n/ShamkantBNavathe	4895062
07/226	4895062
98/2076	4895063
p/JPokorny	4895064
67/1175	4895065
57/778	4895068
78/6916	4895068
51/3592	4895070
57/3783	4895070
55/4637	3331992
71/1374	3331992
06/1901	3331993
00/203	3331993
g/PaoloGiorgini	3331993
54/323	3331995
s/IlYeolSong	3331995
89/5662	3331999
86/910	3331999
50/3708	3331999
29/850	3331999
58/576	3332002
13/2336	3332002
80/6547	3332002
58/3467	3332003
l/HofungLeung	3332003
c/AndreaCali	3332004
14/6896	3332004
s/SamiraSiSaid	3332009
c/IsabelleComynWattiau	3332009
17/544	3332009
c/CarloCombi	3332011
52/3603	3332011
j/ChristianSJensen	3332011
90/6206	3332020
34/6768	3332020
97/5875	3332020
f/AntonioLFurtado	3332024
c/MarcoACasanova	3332024
b/SDJBarbosa	3332024
b/KarinKooganBreitman	3332024
g/SergioGreco	3332028
06/6866	3332028
11/78	3332029
w/GerdWagner	3332029
h/ThomasHornung	3332032
k/AgnesKoschmider	3332032
l/GeorgLausen	3332032
55/3465	3332035
02/4319	3332035
a/GailJoonAhn	3332035
y/MasatoshiYoshikawa	3332035
96/1994-2	3332036
b/ABorgida	3332036
m/JohnMylopoulos	3332036
40/5152	3332038
61/3088	3332038
62/962	3332038
a/AnnieIAnton	3332038
c/JamesRCordy	3332038
89/5557	3332038
m/JohnMylopoulos	3332038
l/GuoliangLi	3332041
43/6576	3332041
z/LizhuZhou	3332041
l/ChenLi12	3332043
r/ManfredReichert	3332043
w/AndreasWombacher	3332043
55/2304	3332044
w/HaixunWang	3332044
w/MinWang	3332044
m/PeterMcBrien	3332051
n/WilfredNg	3332055
97/5511	3332057
16/2055	3332057
06/3608	3332057
p/OscarPastor	3332057
44/2379	3332058
13/1242	3332058
s/ASimitsis	3332058
v/YannisVassiliou	3332058
34/4375	3332060
50/2311	3332060
01/3446	3332061
s/SteffenStaab	3332061
18/524	3332061
w/AndreasWinter	3332061
24/2943	3332065
28/6504	3332065
r/StefanieRinderle	3332068
r/ManfredReichert	3332068
96/2864	3332068
r/StefanieRinderle	3332069
r/ManfredReichert	3332069
96/2864	3332069
20/3634	3332074
d/MarlonDumas	3332074
h/AHMterHofstede	3332074
m/JanMendling	3332074
21/2287	3332074
13/317	3332075
b/ZohraBellahsene	3332075
s/IlYeolSong	3332082
55/6173	3332082
54/323	3332082
89/6279	3332082
w/RoelWieringa	3332093
30/3693	3332093
32/4678	3332093
g/JaapGordijn	3332093
129/9136	1589466
72/3662	1589466
m/JohnMylopoulos	1589466
08/10929	1589475
48/2949	1589475
l/WLehner	1589475
50/1751	1589476
124/9313	1589476
20/4565	1589476
18/948	1589476
57/10357	1589477
f/XavierFranch	1589477
29/631	1589477
37/7639	1589478
91/3408	1589478
169/2246	1589478
11/78	1589478
c/SilvanaCastano	1589479
93/1927	1589479
54/621	1589479
71/8598	1589481
l/MengchiLiu	1589481
y/TingYu	1589481
117/9939	1589483
60/7083	1589483
18/948	1589483
13/2106	1589484
22/2713	1589484
20/5419	1589484
34/2734	1589484
35/5212	1589484
04/6655	1589484
169/2221	1589484
f/XavierFranch	1589484
53/5222	1589484
146/4631	1589485
l/PLoucopoulos	1589485
33/5374	1589485
05/2080	1589486
124/9756	1589486
118/3431	1589486
k/RalfKlamma	1589486
j/MatthiasJarke	1589486
01/5858	1589490
41/1781	1589490
w/CarsonCWoo	1589490
120/7814	1589491
34/64	1589491
20/833	1589491
06/1901	1589491
75/5043	1589492
169/2290	1589492
137/8586	1589496
82/4336	1589496
c/RichardChbeir	1589496
23/5534	1589496
137/8611	1589496
137/8628	1589496
134/4808	1589497
w/RoelWieringa	1589497
150/9376	1589497
169/2222	1589497
118/7450-1	1589498
118/7450-1	1589499
05/801	1589499
54/2034	1589499
42/559	1589501
56/5594	1589501
162/3246	1589502
02/1736	1589502
80/8676	1589504
26/2491	1589504
r/ManfredReichert	1589504
r/StefanieRinderle	1589504
91/6364	1589507
33/5374	1589507
60/1141	1589507
85/5485	1589508
41/7076	1589508
74/7863	1589508
88/6466-1	1589508
10/2639	1589509
89/6013	1589509
40/3980	1589509
53/9530	1589510
81/5940	1589510
m/WolfgangMaass2	1589511
41/1781	1589511
57/7352	1589513
50/2311	1589513
m/JohnMylopoulos	1589513
00/11146	1589514
l/SebastianLink	1589514
d/GDobbie	1589514
150/7988	1589518
t/ErnestTeniente	1589518
135/0754	1589520
65/4688	1589520
97/7540	1589520
32/4078	1589520
11/78	1589520
65/6778	1589520
94/1328	1589520
68/606	1589520
67/6789	1589520
137/8670	1589520
71/1374	1589521
96/2875	1589521
66/626	1589521
58/8397	1589523
l/SebastianLink	1589523
151/1055	1589524
151/1107	1589524
f/CeciliaDiasFlores	1589524
151/1095	1589524
s/DiegoSevilla	1589525
169/2281	1589525
78/4516	1589525
37/528	1589526
166/8962	1589526
135/0809	1589526
32/4078	1589526
11/78	1589526
164/7207	1589527
g/AdityaKGhose	1589527
75/4194	1589527
169/2262	1589527
164/7189	1589528
09/252	1589528
g/AdityaKGhose	1589528
75/4194	1589528
07/4333	1589529
130/7732	1589531
s/MarkusStumptner	1589531
50/5315	1589531
130/7659	1589531
89/733	1589531
s/MichaelSchrefl	1589531
t/BernhardThalheim	1589536
58/7390	1589536
13/1242	1589537
35/3250	1589537
146/4555	1589537
119/6386	1589538
53/5222	1589538
56/4499	1589539
47/1798-11	1589539
40/1233	1589539
169/2275	1589540
n/ShamkantBNavathe	1589540
99/4453	1589543
l/TokWangLing	1589543
03/5971	1589543
65/6588	4453910
f/EnricoFranconi	4453910
b/MiraBalaban	4453911
s/PeretzShoval	4453911
b/BoualemBenatallah	4453912
c/SilvanaCastano	4453915
a/ValeriaDeAntonellis	4453915
23/3970	4453916
13/4914	4453917
181/2689	4453917
d/JLGDietz	4453921
81/3536	4453922
s/IlYeolSong	4453922
70/816	4453926
e/JEder	4453926
f/AntonioLFurtado	4453927
46/2581	4453927
37/1786	4453928
14/4136	4453928
59/1053	4453928
47/3860	4453935
09/6014	4453935
41/1781	4453935
h/MarittaHeisel	4453936
97/2439	4453936
02/1736	4453940
36/3146	4453940
93/1423	4453942
g/AndreasGeppert	4453942
d/KRDittrich	4453942
l/ZLacroix	4453943
33/5461	4453944
04/1907	4453945
l/MongLiLee	4453945
l/TokWangLing	4453945
k/LeonidAKalinichenko	4453945
33/3824	4453946
s/KlausDieterSchewe	4453946
t/BernhardThalheim	4453946
62/527	4453947
m/PeterMcBrien	4453953
p/APoulovassilis	4453953
19/3024	4453954
76/518	4453954
n/WilfredNg	4453955
89/4942	4453956
13/2106	4453956
89/6678	4453956
p/OscarPastor	4453957
c/JoseHilarioCanosCerda	4453957
97/3810	4453957
p/GPreuner	4453958
c/StefanConrad1	4453958
s/JoachimWSchmidt	4453961
76/4854	4453961
47/6046	4453962
41/5908	4453963
s/IngoSchmitt	4453963
t/CanTurker	4453963
h/MichaelHoding	4453963
50/6607	4453963
32/5964	4453963
c/StefanConrad1	4453963
s/GunterSaake	4453963
s/IoanaStanoi	4453966
a/DivyakantAgrawal	4453966
a/AmrElAbbadi	4453966
t/DimitriTheodoratos	4453969
98/4928	4453970
51/6689	4453970
61/10317	2420589
42/5204	2420589
89/4942	2420589
90/766	2420591
n/FelixNaumann	2420591
14/9888	2420593
b/DjamalBenslimane	2420593
30/5025	2420593
24/2709	2420593
06/997	2420593
91/4781	2420593
06/9489	2420595
76/970	2420595
s/MichaelSchrefl	2420595
38/1209	2420597
67/5716	2420597
66/626	2420597
37/2425	2420597
b/NBolloju	2420603
09/6014	2420603
89/725	2420603
37/8510	2420604
d/LMLDelcambre	2420604
61/8212	2420610
36/811	2420610
99/1046	2420610
29/4995	2420610
00/203	2420613
83/3614	2420613
83/4020	2420613
g/PaoloGiorgini	2420613
29/4995	2420613
e/DWEmbley	2420616
l/StephenWLiddle	2420616
55/3763	2420616
119/6334	2420616
51/6385	2420616
78/4419	2420616
e/RikEshuis	2420617
38/2725	2420617
09/546	2420618
119/6309	2420618
16/2055	2420618
c/JBdCastro	2420618
p/OscarPastor	2420618
119/6319	2420625
44/5185-1	2420625
w/MathiasWeske	2420625
00/9016	2420626
02/9016	2420626
36/5917	2420626
73/3776	2420626
87/7907	2420628
f/PeterFettke	2420628
l/PeterLoos	2420628
04/3572-3	2420630
l/ChengfeiLiu	2420630
97/4357	2420630
24/279	2420634
89/6058	2420634
63/4774	2420636
g/AdityaKGhose	2420636
23/3439	2420637
70/2659	2420637
52/2483	2420637
41/3068	2420637
13/844	2420638
65/5607	2420638
96/1629	2420638
h/RichardHull	2420638
47/4468	2420638
22/2713	2420640
f/XavierFranch	2420640
29/631	2420640
l/NicolasLumineau	2420641
05/1259	2420641
21/300	2420641
p/JMPetit	2420641
57/7352	2420643
50/2311	2420643
m/JohnMylopoulos	2420643
n/IreneNtoutsi	2420649
76/3486	2420649
n/KjetilNorvag	2420649
k/HansPeterKriegel	2420649
09/6014	2420657
m/WolfgangMaass2	2420657
41/1781	2420657
00/4818	2420657
20/4349	2420657
51/8415	2420662
g/AvigdorGal	2420662
05/7463	2420664
81/5940	2420664
34/2734	2420666
44/746	2420666
23/10154	2420666
53/5222	2420666
16/4754	2420666
m/JohnMylopoulos	2420666
97/6249	2420669
b/SBergamaschi	2420669
119/6331	2420669
77/422	2420671
07/6486	2420671
63/7545	2420675
89/4942	2420675
89/6678	2420675
51/6720	2420677
33/4822	2420680
19/6359	2420680
w/HaixunWang	2420680
z/KennyQiliZhu	2420680
62/2631	2420681
w/HaixunWang	2420681
84/6394	2420681
z/KennyQiliZhu	2420681
75/5657	2420684
94/4396	2420684
52/8530	2420685
81/4741	2420685
n/MoiraCNorrie	2420685
a/MEAdiba	4926846
54/5150	4926847
87/4468	4926847
92/3036	4926848
82/5564	4926849
97/5605	4926849
35/3500	4926850
36/1272	4926850
72/1440	4926851
n/ShamkantBNavathe	4926851
c/PPChen	4926852
57/3398	4926852
81/6703	4926853
57/1161	4926853
81/4974	4926853
93/2235	4926853
84/5108	4926853
d/KRDittrich	4926854
d/KRDittrich	4926855
85/4358	4926855
l/PCLockemann	4926855
d/ADogac	4926856
33/3466	4926856
58/754	4926856
e/JEder	4926857
k/GKappel	4926857
t/AMinTjoa	4926857
w/RolandWagner	4926857
55/1838	4926858
m/STMarch	4926858
35/6513	4926859
48/6838	4926860
k/MartinLKersten	4926861
70/260	4926861
d/FrankDignum	4926861
87/3432	4926861
73/1433	4926863
l/UdoWLipeck	4926864
11/1987	4926864
57/3783	4926865
61/2668	4926865
27/5869	4926865
m/RobertMeersman	4926866
59/4151	4926867
67/1175	4926867
13/1907	4926868
76/6757	4926868
12/3647	4926868
00/4392	4926868
75/1769	4926868
24/6030	4926868
r/ArnonRosenthal	4926868
25/1644	4926870
34/655	4926870
84/1444	4926871
39/2909	4926873
80/819	4926873
s/KSubieta	4926874
15/2141	4926874
152/3876	1877621
02/9165	1877621
a/DanielAmyot	1877621
19/6931	1877621
71/3370	1877621
66/4246	1877621
95/7650	1877621
49/6874	1877621
152/3876	1877622
a/DanielAmyot	1877622
95/7650	1877622
14/9888	1877623
30/5025	1877623
b/DjamalBenslimane	1877623
06/997	1877623
27/3959	1877623
45/5424	1877626
l/AHFLaender	1877626
m/MirellaMouraMoro	1877626
s/ASdaSilva	1877626
12/10425	1877628
p/ErikProper	1877628
29/154	1877628
37/8510	1877629
d/LMLDelcambre	1877629
a/PAtzeni	1877629
42/734	1877630
c/LucaCabibbo	1877630
a/PAtzeni	1877630
t/RiccardoTorlone	1877630
148/4287	1877636
61/5240	1877636
39/6042	1877639
126/8604	1877639
53/6604	1877639
12/5266	1877639
41/5768	1877639
t/LeendertWNvanderTorre	1877639
11/78	1877642
134/4947	1877642
98/9023	1877644
47/4826	1877644
152/3894	1877644
199/1925-1	1877644
92/5983	1877647
135/2727	1877647
31/7637	1877647
29/3826-1	1877647
m/JohnMylopoulos	1877647
90/5064-6	1877648
71/8598	1877648
37/9792	1877648
l/MengchiLiu	1877648
23/10154	1877649
44/746	1877649
34/2734	1877649
16/4754	1877649
53/5222	1877649
01/10335	1877651
10/5118	1877651
134/2355	1877652
24/1211	1877652
152/3867	1877652
134/2761	1877652
z/GQZhang1	1877652
62/2107	1877652
13/2962	1877653
l/SebastianLink	1877653
p/HenriPrade	1877653
z/XiaofangZhou	1877653
152/3883	1877655
137/2796	1877655
13/1242	1877655
133/1040	1877657
20/3716	1877657
l/TokWangLing	1877657
23/3439	1877658
70/2659	1877658
10/5630-30	1877658
l/MengchiLiu	1877660
90/5064-6	1877660
71/8598	1877660
74/4330-1	1877660
137/8670	1877661
67/6789	1877661
94/1328	1877661
22/2713	1877663
13/2106	1877663
62/2993	1877663
f/XavierFranch	1877663
77/7652	1877663
81/7652	1877663
130/7516	1877664
v/MarkvandenBrand	1877664
36/8611	1877664
59/9836	1877664
m/WolfgangMaass2	1877665
41/1781	1877665
04/8766	1877667
16/4754	1877667
75/5043	1877667
56/10444	1877668
39/985	1877668
b/WTBalke	1877668
150/7988	1877670
t/ErnestTeniente	1877670
94/8050	1877670
34/2734	1877677
20/5419	1877677
53/5222	1877677
74/10831	1877678
l/JCSdoPradoLeite	1877678
76/3486	1877679
64/8065	1877679
21/5088	1877679
10/10154	1877682
152/3860	1877682
52/5696	1877682
57/7352	1877682
g/PascualGonzalez	1877682
50/2311	1877682
08/2759	1877682
32/5495	1877683
85/797	1877683
94/8050	1877684
89/4942	1877684
146/6199	1877685
05/2783	1877685
51/6720	1877689
82/8707	1877689
t/RiccardoTorlone	1877689
97/6505	1877690
27/5665	1877691
65/6778	1877691
11/78	1877691
m/JohnMylopoulos	1877691
182/7045	4873934
62/2441	4873935
23/4905	4873935
12/6496	4873935
29/5731	4873937
l/FHLochovsky	4873937
d/ADogac	4873938
75/1313	4873938
c/PPChen	4873938
e/DWEmbley	4873939
l/TokWangLing	4873939
66/4926	4873940
41/1781	4873940
90/4541	4873941
08/2678	4873942
97/5297	4873942
j/PaulJohannesson	4873943
07/5021	4873943
k/WilliamKent	4873944
k/LarryKerschberg	4873945
03/1087	4873945
48/2858	4873945
59/1541	4873946
n/ErichJNeuhold	4873946
42/4651	4873947
93/4844	4873947
52/1842	4873948
37/5799	4873949
m/VMMarkowitz	4873950
s/ArieShoshani	4873950
m/VMMarkowitz	4873951
s/ArieShoshani	4873951
29/1358	4873952
09/5804	4873952
96/2181	4873953
43/3354	4873953
94/6041	4873954
88/5465	4873954
27/3959	4873954
s/StefanoSpaccapietra	4873954
r/ArnonRosenthal	4873955
13/1907	4873955
50/3708	4873956
10/4505	4873956
10/4377	4873957
38/5126	4217482
30/3876	4217482
b/MauriceBruynooghe	4217482
60/343	4217482
d/MarcDenecker	4217482
58/576	4217487
d/LMLDelcambre	4217487
m/DavidMaier	4217487
c/AndreaCali	4217488
c/DiegoCalvanese	4217488
g/GDGiacomo	4217488
l/MLenzerini	4217488
85/5901	4217490
64/1361	4217490
r/EARundensteiner	4217490
98/2818	4217491
l/TokWangLing	4217491
l/MongLiLee	4217491
23/2177	4217492
k/YahikoKambayashi	4217492
s/SamiraSiSaid	4217493
17/544	4217493
c/IsabelleComynWattiau	4217493
c/SCCheung	4217494
h/PCKHung	4217494
42/4256	4217494
46/2581	4217495
f/AntonioLFurtado	4217495
e/RamezElmasri	4217499
18/2419	4217499
89/6536	4217499
61/157	4217499
52/2731	4217499
e/DWEmbley	4217500
03/4748	4217500
l/StephenWLiddle	4217500
g/PaoloGiorgini	4217505
m/JohnMylopoulos	4217505
16/5077	4217505
73/5341	4217505
11/78	4217509
77/6294	4217509
w/GerdWagner	4217509
g/AmarnathGupta	4217510
l/BertramLudascher	4217510
62/2221	4217510
21/1813	4217512
g/AndreasGeppert	4217512
60/4216	4217514
33/5374	4217514
k/MCAKlein	4217517
49/4559	4217517
18/6597	4217517
31/4309	4217517
l/ZehuaLiu	4217523
l/FeifeiLi	4217523
n/WeeKeongNg	4217523
l/DavidLowe	4217524
45/5440	4217524
01/2495	4217524
l/SLujanMora	4217525
50/2311	4217525
s/IlYeolSong	4217525
19/3024	4217528
19/3024	4217530
s/GuttormSindre	4217530
33/379	4217530
s/ASolvberg	4217530
81/5940	4217532
66/626	4217532
p/BarbaraPernici	4217533
s/MonicaScannapieco	4217533
51/2726	4217535
43/726	4217535
82/4786	4217535
21/4899	4217539
g/AmarnathGupta	4217539
s/ASdaSilva	4217544
91/5172	4217544
l/AHFLaender	4217544
e/DWEmbley	4217544
t/BernhardThalheim	4217549
27/6106	4217551
a/PAtzeni	4980041
69/1334	4980041
l/MLenzerini	4980041
19/6215	4980041
a/PAtzeni	4980042
c/PPChen	4980042
95/4990	4980044
22/2567	4980044
c/PPChen	4980045
20/3918	4980046
20/792	4980046
34/1279	4980047
56/3387	4980047
c/PPChen	4980047
84/4101	4980048
47/183	4980048
g/EhudGudes	4980048
d/ADogac	4980049
c/PPChen	4980049
18/4151	4980050
45/4002	4980050
e/RamezElmasri	4980051
w/GioWiederhold	4980051
38/5313	4980052
48/3521	4980052
34/479	4980052
11/1474	4980052
f/AntonioLFurtado	4980053
98/4297	4980053
13/1417	4980053
44/5898	4980054
76/2198	4980054
k/RandyHKatz	4980055
28/4334	4980055
34/1938	4980056
l/EwingLLusk	4980058
22/339	4980058
o/RossAOverbeek	4980058
30/6585	4980059
73/247	4980059
48/2312	4980059
21/5771	4980060
84/7024	4980060
06/4822	4980061
08/6841	4980061
13/4481	4980062
n/ErichJNeuhold	4980063
51/3663	4980063
11/1941	4980064
31/6134	4980064
26/5541	4980064
86/697	4980065
53/6300	4980065
92/2967	4980066
43/4480	4980066
32/6415	4980067
64/5359	4980067
95/507	4980067
84/3060	4980068
a/EvgueniaAltareva	4119073
c/StefanConrad1	4119073
58/576	4119078
d/LMLDelcambre	4119078
b/MarcoBrambilla	4119079
35/6185	4119081
17/1696	4119081
02/4306	4119082
41/1781	4119082
66/6868	4119082
09/6014	4119082
18/948	4119083
89/4942	4119083
t/ErnestTeniente	4119083
37/4833	4119084
h/CarlosAHeuser	4119084
82/6647	4119084
31/3455	4119085
98/2818	4119087
l/TokWangLing	4119087
l/MongLiLee	4119087
c/CarloCombi	4119089
87/3851	4119089
d/JLGDietz	4119091
19/2254	4119092
36/2755	4119092
r/EARundensteiner	4119092
d/AncaDobre	4119093
21/1813	4119093
d/KRDittrich	4119093
d/DovDori	4119094
71/1374	4119094
d/DovDori	4119095
71/1374	4119095
60/1141	4119095
74/1069	4119097
m/AliciaMartinezRebollar	4119097
p/OscarPastor	4119097
76/3474	4119099
29/4995	4119099
36/811	4119099
p/OscarPastor	4119099
g/PaoloGiorgini	4119104
59/6145	4119104
m/JohnMylopoulos	4119104
24/325	4119106
w/GerdWagner	4119106
h/JMHick	4119107
h/JeanLucHainaut	4119107
75/3925	4119110
37/4431	4119110
r/EARundensteiner	4119110
34/1030	4119113
h/JiaweiHan	4119113
l/MengchiLiu	4119115
49/2793	4119115
64/146	4119115
m/ZongminMa	4119118
l/ShiyongLu	4119118
f/FarshadFotouhi	4119118
m/StuartEMadnick	4119119
72/4457	4119121
r/ELRobertson	4119121
n/ErichJNeuhold	4119125
22/3377	4119126
h/AHMterHofstede	4119126
42/5258	4119126
15/5183	4119126
56/5118	4119127
89/4942	4119128
p/JianPei	4119130
75/5487	4119134
b/ElisaBertino	4119134
c/BarbaraCatania	4119134
g/MatteoGolfarelli	4119134
99/5919	4119134
t/ManolisTerrovitis	4119134
13/1242	4119134
v/MVazirgiannis	4119134
33/5819	4119134
14/331	4119135
m/SanjayKumarMadria	4119135
46/3527	4119135
15/5754	4119135
85/6670	4119135
b/SSBhowmick	4119135
97/6624	4119136
h/JoachimHammer	4119136
w/MingxiWu	4119136
32/6582	4119136
44/2125	4119137
09/2961	4119138
s/JHShim	4119140
87/2723-2	4119140
85/5268	4119140
06/4518	4119141
04/2000	4119141
51/1960	4119141
24/4999	4119143
34/201	4119143
14/1589	4119143
51/6821	4119145
11/2145	4119146
32/2991	4119146
t/BernhardThalheim	4119147
t/DimitriTheodoratos	4119148
18/5542	4119148
50/2311	4119150
l/SLujanMora	4119150
t/YannisTzitzikas	4119151
80/6580	4119151
s/NicolasSpyratos	4119151
43/4928	4119154
21/4899	4119154
g/AmarnathGupta	4119154
01/1248	4119156
a/WilMPvanderAalst	4119156
d/MarlonDumas	4119156
h/AHMterHofstede	4119156
62/5690	4119157
l/MongLiLee	4119157
l/TokWangLing	4119157
47/366	3123096
46/7055	3123096
07/3381	3123096
76/3064	3123096
33/3184	3123096
79/7056	3123096
78/574	3123096
18/5667	3123096
44/5251	3123096
75/5785	3123096
81/7057	3123096
a/AnastasiaAnalyti	3123097
t/YannisTzitzikas	3123097
s/NicolasSpyratos	3123097
b/JorgBecker	3123102
d/PatrickDelfmann	3123102
16/3258	3123102
29/3442	3123102
b/JorgBecker	3123103
d/PatrickDelfmann	3123103
16/3258	3123103
29/3442	3123103
43/4353	3123103
b/MarcoBrambilla	3123107
18/948	3123107
73/6114	3123107
c/AndreaCali	3123109
g/GeorgGottlob	3123109
89/5672	3123109
c/MarcoACasanova	3123111
55/7524	3123111
75/6273	3123111
b/KarinKooganBreitman	3123111
f/AntonioLFurtado	3123111
98/4928	3123111
07/4356	3123117
c/FabioCasati	3123117
b/BoualemBenatallah	3123117
64/561	3123117
24/1348	3123118
53/271	3123118
91/1565	3123122
33/5374	3123122
93/4627	3123122
59/3711	3123126
34/4375	3123126
40/3898	3123126
50/2311	3123126
92/6015	3123132
f/XavierFranch	3123132
79/4493	3123132
09/3176	3123133
65/3279	3123133
82/1141	3123133
r/MichaelRosemann	3123133
67/4705	3123135
b/MichaelHBohlen	3123135
59/6952	3123135
91/6364	3123137
m/JohnMylopoulos	3123137
81/4741	3123138
n/MoiraCNorrie	3123138
05/2783	3123138
77/5842	3123138
l/MengchiLiu	3123139
90/5064-6	3123139
46/5778-1	3123143
s/KlausDieterSchewe	3123143
t/BernhardThalheim	3123143
62/5360	3123147
w/CarsonCWoo	3123147
36/4677	3123151
96/7524	3123151
11/3042	3123151
04/4211	3123151
27/7525	3123154
v/YannisVelegrakis	3123154
98/2201	3123154
62/7525	3123154
75/441	3123155
68/7525	3123155
44/7524	3123156
32/7471	3123156
02/5154	3123156
j/PaulJohannesson	3123156
01/1248	3123156
98/2201	3123157
v/YannisVelegrakis	3123157
m/JohnMylopoulos	3123157
62/7525	3123157
142/2842	3123162
92/7526	3123162
32/2517	3123162
34/2734	3123163
m/JohnMylopoulos	3123163
16/4754	3123163
53/5222	3123163
97/6249	3123164
b/SBergamaschi	3123164
07/2315	3123164
60/3612	3123164
72/3662	3123166
m/JohnMylopoulos	3123166
03/4748	3123169
e/DWEmbley	3123169
l/StephenWLiddle	3123169
82/4336	3123171
c/RichardChbeir	3123171
27/3959	3123171
59/5239	3123172
c/SChakravarthy	3123172
14/3692	3123172
51/6720	3123177
28/1886	3123177
31/7525	3123177
00/5119	4850775
24/1492	4850775
69/1628	4850775
91/1155	4850775
53/6213	4850775
t/ShalomTsur	4850775
z/CZaniolo	4850775
b/MBouzeghoub	4850777
c/IsabelleComynWattiau	4850777
b/ChristianBreiteneder	4850778
57/4535	4850778
31/6315	4850779
65/2577	4850779
64/346	4850779
c/MarcoACasanova	4850780
83/334	4850780
l/AHFLaender	4850780
c/RichardCooper	4850781
e/RamezElmasri	4850782
60/693	4850782
75/6547	4850782
f/AntonioLFurtado	4850783
c/MarcoACasanova	4850783
h/AHeuer	4850785
72/2565	4850785
51/6673	4850785
90/4541	4850786
e/GregorEngels	4850786
j/PaulJohannesson	4850787
k/AlfonsKemper	4850788
l/PCLockemann	4850788
m/GuidoMoerkotte	4850788
w/HansDirkWalter	4850788
16/4140	4850788
k/LarryKerschberg	4850789
03/1087	4850789
11/2385	4850789
68/3439	4850789
11/663	4850789
37/987	4850789
04/1016	4850789
00/3491	4850789
88/4910	4850790
67/5787	4850795
93/6144	4850795
94/626	4850795
99/4421	4850795
n/ShamkantBNavathe	4850797
35/184	4850797
65/773	4850797
l/HermanLam	4850797
58/1177	4850798
69/2508	4850798
67/1175	4850801
04/289	4850802
67/5787	4850802
99/4421	4850802
09/2367	4850803
s/MichaelSchrefl	4850804
09/3065	4850806
73/503	4850807
77/5615	4850807
71/4551	4850808
21/6500	4850808
40/906	4850808
194/0799	4850808
56/2726	4850808
63/3780	4673103
44/5607	4673104
p/JosefPieprzyk	4673104
s/ReihanehSafaviNaini	4673104
g/JanuszRGetta	4673104
54/3909	4673105
64/537	4673105
28/5195	4673106
r/RPvandeRiet	4673106
c/FabioCasati	4673107
c/StefanoCeri	4673107
p/BarbaraPernici	4673107
87/3851	4673107
c/SilvanaCastano	4673108
a/ValeriaDeAntonellis	4673108
97/5605	4673109
61/5694	4673109
18/2744	4673110
00/849	4673110
28/4530	4673111
74/3785	4673111
m/DieterMerkl	4673111
p/GPernul	4673111
89/2972	4673112
181/2689	4673112
g/AvigdorGal	4673113
e/OEtzion	4673113
g/JanuszRGetta	4673114
m/LAMaciaszek	4673114
g/MartinGogolla	4673115
g/VolkerGruhn	4673116
48/4069	4673116
25/5150	4673116
56/3145	4673117
85/5458	4673117
66/5269	4673117
01/6258	4673117
24/325	4673118
p/ErikProper	4673118
97/1441	4673119
35/6106	4673119
38/658	4673119
h/IgorHawryszkiewycz	4673120
j/StanJarzabek	4673121
l/TokWangLing	4673121
j/ChristianSJensen	4673122
s/RichardTSnodgrass	4673122
16/1103	4673123
s/IlYeolSong	4673123
16/2546	4673124
75/6547	4673125
g/MichaelGertz	4673125
l/MongLiLee	4673126
l/TokWangLing	4673126
l/StephenWLiddle	4673127
e/DWEmbley	4673127
w/ScottNWoodfield	4673127
l/LingLiu	4673128
54/598	4673129
51/4374	4673130
71/3938	4673130
49/6980	4673130
181/2829-4	4673131
155/8642	4673131
36/6907	4673131
19/3024	4673132
06/3199	4673133
n/ShamkantBNavathe	4673133
s/GunterSaake	4673134
c/StefanConrad1	4673134
t/CanTurker	4673134
85/2861	4673135
s/IngoSchmitt	4673136
s/GunterSaake	4673136
s/MichaelSchrefl	4673137
s/MarkusStumptner	4673137
46/1615	4673138
t/MTeisseire	4673139
76/535	4673140
12/5068	4673141
57/2745	4673142
m/RobertMeersman	4673142
92/912	4673143
35/6489	4673144
g/JohnCGrundy	4673144
88/1027	4673145
a/PeterMGApers	4673145
98/4928	4673146
w/MarianneWinslett	4673146
98/2859	3858141
e/DWEmbley	3858141
l/StephenWLiddle	3858141
a/PAtzeni	3858143
28/1886	3858143
b/PhilipABernstein	3858143
23/2641	3858148
e/JEder	3858148
91/91	3858148
58/576	3858150
l/BertramLudascher	3858150
41/5361	3858155
86/1360	3858155
57/1712	3858155
43/3562	3858158
86/910	3858158
67/6350	3858158
50/3708	3858158
48/6755	3858166
78/245	3858168
s/DarijusStrasunskas	3858168
76/2419	3858168
58/4316	3858168
81/3805	3858172
p/ErikProper	3858172
w/TPvanderWeide	3858172
07/3177	3858173
s/IlYeolSong	3858173
92/6015	3858178
f/XavierFranch	3858178
79/4493	3858178
63/2921	3858185
n/WilfredNg	3858185
34/5969	3858187
r/NikosRizopoulos	3858187
m/PeterMcBrien	3858187
69/5578	3858187
84/2392	3858190
s/DanielSchwabe	3858190
36/3530	3858190
37/5904	3858193
05/2080	3858193
58/5370	3858194
84/7025	3858194
g/PaoloGiorgini	3858194
29/5574	3858198
c/ElizabethChang	3858198
25/4706	3858198
58/4464	3858198
79/3065	3858199
98/2860	3858199
r/CRolland	3858199
26/3281	3858199
71/1374	3858200
c/ManuelCaeiro	3858202
l/MartinLlamasNistal	3858202
25/3809	3858202
65/1407	3858203
h/AHMterHofstede	3858203
42/5258	3858203
a/WilMPvanderAalst	3858203
s/MarkusSchneider1	3858207
42/3942	3858207
79/2229	3858210
r/CRolland	3858210
41/1781	3858211
78/4406	3858211
91/4230	3858211
47/3938	3858212
g/AvigdorGal	3858212
d/DovDori	3858212
t/YannisTzitzikas	3858214
h/JeanLucHainaut	3858214
83/4020	3858215
76/3474	3858215
29/4995	3858215
13/1242	3858216
s/ASimitsis	3858216
t/ManolisTerrovitis	3858216
01/5237	3858216
01/1248	3858220
a/WilMPvanderAalst	3858220
d/MarlonDumas	3858220
h/AHMterHofstede	3858220
65/1407	3858220
62/5690	3858222
l/MongLiLee	3858222
l/TokWangLing	3858222
d/GDobbie	3858222
77/6570	4626666
76/6130	4626667
h/GillesHubert	4626667
92/3354	4626667
96/3758	4626667
01/1248	4626669
j/PaulJohannesson	4626669
b/JBiskup	4626673
41/310	4626673
41/2656	4626673
26/5086	4626673
18/610	4626674
24/325	4626674
c/FabioCasati	4626677
c/StefanoCeri	4626677
p/BarbaraPernici	4626677
87/3851	4626677
40/6612	4626679
c/IsabelleComynWattiau	4626680
17/544	4626680
e/JurgenEbert	4626682
w/AndreasWinter	4626682
00/5091	4626682
11/761	4626682
44/4112	4626682
53/544	4626683
j/PaulJohannesson	4626683
h/JeanLucHainaut	4626687
h/JMHick	4626687
e/VEnglebert	4626687
h/JeanHenrard	4626687
33/6806	4626687
h/AHMterHofstede	4626689
o/MariaEOrlowska	4626689
89/3958	4626689
k/RolandKaschek	4626690
46/985	4626691
e/RamezElmasri	4626691
83/4296	4626691
04/2976	4626692
36/3992	4626695
p/JMPinon	4626695
m/WaiYinMok	4626697
e/DWEmbley	4626697
19/3024	4626699
n/MoiraCNorrie	4626700
s/AndreasSteiner	4626700
40/4101	4626700
w/MartinWunderli	4626700
o/ErichOrtner	4626701
45/2020	4626701
s/KlausDieterSchewe	4626704
79/4648	4626704
s/IngoSchmitt	4626705
s/GunterSaake	4626705
s/ASdaSilva	4626708
l/AHFLaender	4626708
c/MarcoACasanova	4626708
43/4008	4626709
72/561	4626710
t/DimitriTheodoratos	4626711
47/3962	4626713
m/JohnMylopoulos	4626713
88/1027	4626715
a/PeterMGApers	4626715
88/549	4626717
42/4726	4626717
c/RosineCicchetti	4626717
34/3506	4626717
39/5094	4304281
59/487	4304281
21/3522	4304281
17/544	4304282
c/IsabelleComynWattiau	4304282
77/347	4304282
25/3809	4304283
l/MartinLlamasNistal	4304283
48/2035	4304283
86/1257	4304283
19/6596	4304283
c/ManuelCaeiro	4304283
42/3942	4304286
s/MarkusSchneider1	4304286
b/LaureBertiEquille	4304288
c/AndreaCali	4304292
c/DiegoCalvanese	4304292
g/GDGiacomo	4304292
l/MLenzerini	4304292
42/4256	4304298
13/2106	4304299
89/4942	4304299
t/ErnestTeniente	4304299
77/6880	4304301
h/JeanLucHainaut	4304301
d/MartinDoerr	4304302
89/6058	4304302
88/4397	4304302
e/DWEmbley	4304304
m/WaiYinMok	4304304
e/DWEmbley	4304305
08/4453	4304305
85/2168	4304305
75/6793	4304308
66/626	4304308
14/1746	4304312
f/AAAFernandes	4304312
p/NWPaton	4304312
24/2780	4304312
95/6229-1	4304312
w/MichaelFWorboys	4304312
h/SvenHartmann	4304313
28/4808	4304315
95/2843	4304315
58/2763	4304315
01/758	4304316
29/1261	4304316
70/750	4304316
58/5889	4304316
79/5132	4304317
37/4719	4304317
98/3270	4304317
i/YoshiharuIshikawa	4304319
k/HiroyukiKitagawa	4304319
22/686	4304322
22/6918	4304322
22/6722	4304322
67/4145	4304322
k/KKarlapalem	4304325
77/1090	4304325
10/4403	4304325
62/4022	4304327
96/4244	4304327
60/6144	4304329
39/1814	4304329
18/2409	4304333
27/1335	4304333
45/3511	4304333
m/MuraliMani	4304335
l/DongwonLee	4304335
m/RichardRMuntz	4304335
82/6647	4304337
h/CarlosAHeuser	4304337
15/3523	4304338
38/2735	4304338
44/3648	4304338
39/6409	4304340
83/6873	4304341
87/3960	4304341
13/2692	4304341
67/2196	4304341
40/1233	4304342
k/YahikoKambayashi	4304342
86/910	4304343
82/2496	4304343
46/6694	4304344
t/NectariaTryfona	4304344
j/ChristianSJensen	4304344
p/TorstenPriebe	4304345
p/GPernul	4304345
79/3065	4304346
r/CRolland	4304346
17/3798	4304348
s/RichardTSnodgrass	4304348
03/6844	4304348
07/5607	4304348
61/8235	4304349
m/JohnMylopoulos	4304349
s/SWSadiq	4304350
s/WasimSadiq	4304350
o/MariaEOrlowska	4304350
s/KlausDieterSchewe	4304351
s/MarkusSchneider1	4304352
s/IlYeolSong	4304355
91/3707	4304356
w/GerdWagner	4304356
72/1463	4304358
f/NJFiddian	4304358
g/WAGray	4304358
t/BernhardThalheim	4304359
d/ADusterhoft	4304359
t/DimitriTheodoratos	4304360
18/5542	4304360
s/ASimitsis	4304360
65/3129	4304360
33/5374	4304366
61/2115-1	4304366
22/1805	4304366
65/6588	2902643
c/DiegoCalvanese	2902643
57/8677	2902643
65/6588	2902644
09/3547	2902644
58/3023	2902644
z/MZakharyaschev	2902644
38/3009	2902646
79/873	2902646
61/5931	2902646
r/WRetschitzegger	2902646
49/2059	2902646
18/948	2902653
40/3898	2902653
34/4375	2902653
50/2311	2902653
c/AndreaCali	2902654
g/GeorgGottlob	2902654
89/5672	2902654
c/AnthonyCleve	2902656
11/5208	2902656
h/JeanLucHainaut	2902656
00/203	2902660
37/6104	2902660
g/PaoloGiorgini	2902660
m/JohnMylopoulos	2902660
85/2842	2902661
b/ZohraBellahsene	2902661
68/3691	2902663
m/JohnMylopoulos	2902663
b/ABorgida	2902663
44/746	2902663
75/6793	2902665
11/3144	2902671
182/7045	2902671
45/5440	2902672
96/1516	2902672
92/5983	2902676
33/5374	2902676
28/8326	2902677
62/67	2902677
72/789	2902677
d/SDustdar	2902677
03/6844	2902679
74/5609	2902679
80/8676	2902681
75/5456	2902681
r/StefanieRinderle	2902681
33/5200	2902681
d/PDadam	2902681
18/2615	2902683
26/3281	2902683
95/3736-27	2902684
93/6472	2902684
b/ZohraBellahsene	2902684
05/407	2902687
93/6472	2902687
87/4649-1	2902687
14/6896	2902688
t/RiccardoTorlone	2902688
m/PeterMcBrien	2902689
r/NikosRizopoulos	2902689
117/6027	2902689
00/1125	2902701
m/JohnMylopoulos	2902701
34/2734	2902705
38/8426	2902705
64/6316	2902705
m/JohnMylopoulos	2902705
16/4754	2902705
53/5222	2902705
05/2783	2902706
s/SergeySmirnov2	2902707
d/RemcoMDijkman	2902707
m/JanMendling	2902707
w/MathiasWeske	2902707
53/1820	2902708
b/PhilipABernstein	2902708
06/8166	2902708
63/7545	2902710
89/4942	2902710
w/KevinWilkinson	2902713
s/ASimitsis	2902713
04/4211	2902713
76/2198	2902713
16/8675	2902714
n/WilfredNg	2902714
34/6352	2902715
59/3214	2902715
57/2745	2902715
l/XiangLi2	2670330
q/ChristophQuix	2670330
54/323	2670333
55/6173	2670333
s/IlYeolSong	2670333
h/XiaohuaHu	2670333
248/0531	2670334
s/SherifSakr	2670334
44/5185-1	2670334
w/MathiasWeske	2670334
08/5192	2670336
96/1994-2	2670336
a/DanielAmyot	2670336
m/JohnMylopoulos	2670336
b/SBergamaschi	2670339
g/FrancescoGuerra	2670339
60/10315	2670339
v/YannisVelegrakis	2670339
c/AndreaCali	2670348
g/GeorgGottlob	2670348
89/5672	2670348
43/7294	2670349
b/FAraujoBaiao	2670349
11/78	2670349
37/6104	2670351
01/9836	2670351
g/PaoloGiorgini	2670351
c/PaoloCiaccia	2670352
t/RiccardoTorlone	2670352
13/2106	2670354
42/5204	2670354
11/78	2670354
e/DWEmbley	2670360
l/StephenWLiddle	2670360
55/3763	2670360
86/196	2670360
87/3758	2670361
h/SvenHartmann	2670361
l/SebastianLink	2670361
13/1231	2670362
05/2080	2670362
23/10154	2670370
34/2734	2670370
m/JohnMylopoulos	2670370
96/1994-2	2670371
08/5192	2670371
a/DanielAmyot	2670371
m/JohnMylopoulos	2670371
74/1762	2670374
52/4267	2670374
r/StefanieRinderle	2670374
24/279	2670378
89/6058	2670378
l/MayaLincoln	2670380
g/AvigdorGal	2670380
22/2713	2670382
f/XavierFranch	2670382
29/631	2670382
m/WolfgangMaass2	2670385
41/1781	2670385
05/6574	2670385
80/10317	2670388
97/1452	2670388
47/1654	2670388
a/SilviaMaraAbrahao	2670388
l/SLujanMora	2670388
57/7352	2670390
50/2311	2670390
57/7352	2670391
50/2311	2670391
f/XavierFranch	2670391
n/WilfredNg	2670397
78/10315	2670398
51/10316	2670398
46/10317	2670398
57/6055	2670398
00/5003	2670398
59/8433	2670401
25/6367	2670401
93/1501	2670401
16/4754	2670403
61/1152	2670403
91/3702	2670403
34/2734	2670403
53/5222	2670403
74/4891	2670404
18/948	2670404
42/5204	2670404
85/6716	2670405
63/10316	2670405
t/LetiziaTanca	2670405
48/3718	2670406
c/AnthonyCleve	2670406
71/1374	2670408
60/1141	2670408
66/626	2670408
02/9016	2670411
00/9016	2670411
36/5917	2670411
73/3776	2670411
63/5160	2670414
70/260	2670414
72/3662	2670417
91/6364	2670417
m/JohnMylopoulos	2670417
10/10154	2670419
52/5696	2670419
l/VLopezJaquero	2670419
89/5013	2670419
g/PascualGonzalez	2670419
t/BernhardThalheim	2670420
97/6505-2	2670420
67/9961	2670421
s/IlYeolSong	2670421
54/323	2670421
99/4453	2670427
20/3716	2670427
a/ValeriaDeAntonellis	4993648
42/2822	4993648
79/4374	4993648
32/4302	4993648
71/6101	4993649
99/404	4993650
69/1334	4993651
29/3747	4993651
82/946	4993652
07/5014	4993652
c/AFCardenas	4993653
87/1140	4993653
21/5771	4993654
c/EPFChan	4993655
l/FHLochovsky	4993655
c/PPChen	4993656
c/PPChen	4993657
20/3918	4993658
18/1306	4993658
c/WesleyWChu	4993659
08/5786	4993659
04/4381	4993660
56/2978	4993661
69/6929	4993661
61/6855	4993663
46/56	4993664
36/293	4993664
17/1758	4993665
r/NickRoussopoulos	4993665
53/4258	4993666
02/588	4993667
96/4044	4993668
11/4223	4993669
99/3322	4993670
57/3783	4993670
76/4837	4993671
00/4611	4993672
l/EwingLLusk	4993673
o/RossAOverbeek	4993673
91/5932	4993674
55/981	4993674
m/EphraimRMcLean	4993675
m/DennisMcLeod	4993676
64/2075	4993676
67/6877	4993677
z/CZaniolo	4993677
30/4111	4993678
30/5754	4993679
22/5760	4993679
11/1941	4993680
s/CSdSantos	4993681
n/ErichJNeuhold	4993681
f/AntonioLFurtado	4993681
s/ArieShoshani	4993683
s/ASolvberg	4993684
s/StanleyYWSu	4993685
14/2647	4993685
60/357	4993686
97/493	4993686
43/4480	4993686
65/1669	4993686
97/3574	4993687
32/6415	4993688
73/3476	4993688
26/4284	4993688
08/4512	4993688
68/3337	4993689
19/1220	4993690
88/1461	4993690
t/AMinTjoa	4993691
w/RolandWagner	4993691
62/971	4993692
21/2180	4993693
95/100	4993694
15/1444	4993694
w/GioWiederhold	4993695
e/RamezElmasri	4993695
83/249	4993696
95/2864	4993697
k/RandyHKatz	4993697
77/385	4993698
r/NickRoussopoulos	4993698
15/6603	4993698
50/5114	4716805
23/5644	4716805
47/3954	4716805
38/439	4716806
77/5283	4716807
c/StefanoCeri	4716807
05/600	4716807
b/NickBassiliades	4716808
v/IoannisPVlahavas	4716808
c/SilvanaCastano	4716809
a/ValeriaDeAntonellis	4716809
c/RichardCooper	4716810
84/6897	4716810
29/5888	4716811
g/VolkerGruhn	4716811
59/1747	4716811
85/569	4716811
49/3334	4716812
01/1633	4716813
31/3429	4716813
89/5569	4716815
r/ELRobertson	4716815
g/DirkVanGucht	4716815
h/JeanLucHainaut	4716816
e/VEnglebert	4716816
h/JeanHenrard	4716816
h/JMHick	4716816
33/6806	4716816
58/2646	4716817
07/6103	4716817
78/4046	4716818
o/AndreasOberweis	4716818
s/WolffriedStucky	4716818
j/ManfredAJeusfeld	4716820
71/5380	4716820
k/GKappel	4716821
14/1323	4716821
00/4331	4716821
46/172	4716821
r/WRetschitzegger	4716821
w/RolandWagner	4716821
90/4062	4716821
l/TokWangLing	4716822
46/821	4716822
23/991	4716823
c/PKChrysanthis	4716823
c/ShiKuoChang	4716823
m/VMMarkowitz	4716824
s/ArieShoshani	4716824
19/3024	4716825
69/3476	4716825
00/4898	4716826
64/137	4716827
61/2520	4716827
67/2111	4716827
12/1912	4716827
n/MoiraCNorrie	4716828
w/MartinWunderli	4716828
p/MPPapazoglou	4716829
k/BJKramer	4716829
01/458	4716829
p/JMPetit	4716830
06/3741	4716830
b/JFBoulicaut	4716830
t/FaroukToumani	4716830
33/5839	4716831
90/4018	4716831
76/3563	4716831
04/1227	4716831
35/156	4716832
s/JWSu	4716832
26/1025	4716832
t/ZahirTari	4716833
181/2710	4716833
t/BernhardThalheim	4716834
84/285	4716836
20/498	4716837
94/6041	4716837
s/StefanoSpaccapietra	4716837
33/5374	4716838
m/JohnMylopoulos	4716838
51/4448	4962605
60/4482	4962606
31/5534	4962607
a/PAtzeni	4962608
40/5345	4962608
91/5139	4962609
69/1334	4962610
l/MLenzerini	4962610
b/ElisaBertino	4962611
b/BKBhargava	4962612
31/5242	4962612
17/5487	4962615
82/4364	4962617
29/5582	4962617
42/4029	4962617
62/2441	4962618
12/6496	4962618
c/MarcoACasanova	4962619
61/2084	4962619
c/PPChen	4962620
04/3522	4962621
04/2660	4962621
75/6951	4962621
53/2502	4962622
t/ThiruvengadamRadhakrishnan	4962622
30/6281	4962623
02/6634	4962624
58/728	4962624
90/4353	4962624
15/3765	4962625
86/7036	4962625
j/SushilJajodia	4962626
30/5754	4962626
j/SushilJajodia	4962627
30/5754	4962627
57/778	4962627
k/WilliamKent	4962628
k/BrianKnight	4962629
34/655	4962630
66/3197	4962630
l/MLenzerini	4962631
29/3747	4962631
73/1433	4962632
l/PCLockemann	4962633
58/1277	4962634
l/EwingLLusk	4962634
o/RossAOverbeek	4962634
03/5097	4962635
03/5097	4962636
r/NickRoussopoulos	4962636
m/VMMarkowitz	4962637
r/YoavRaz	4962637
m/VMMarkowitz	4962638
r/YoavRaz	4962638
31/2440	4962639
m/BernardMoulin	4962640
43/294	4962641
21/6362	4962642
28/890	4962642
n/ShamkantBNavathe	4962643
51/1535	4962643
77/6100	4962644
99/4772	4962645
16/1833	4962645
22/4177	4962646
61/2442	4962646
11/1941	4962647
11/1941	4962648
16/1833	4962649
38/4245	4962649
92/2967	4962650
t/RobertoTamassia	4962651
69/1334	4962651
29/1370	4962651
87/3066	4962652
24/5141	4962652
98/4297	4962653
f/AntonioLFurtado	4962653
41/4994	4962654
83/5277	4962655
m/AOMendelzon	4962655
99/3593	4962656
96/3592	4912001
24/5003	4912003
68/1128	4912003
66/2328	4912003
69/3197	4912003
06/3741	4912003
c/PPChen	4912004
30/3110	4912005
e/DWEmbley	4912005
97/5605	4912006
77/5615	4912007
12/6496	4912007
15/3194	4912008
58/4661	4912009
74/3754	4912009
55/1838	4912011
35/5566	4912011
f/AntonioLFurtado	4912012
c/MarcoACasanova	4912012
83/334	4912012
06/5766	4912013
67/5546	4912014
32/330	4912015
91/4267	4912015
87/6258	4912015
66/6615	4912015
53/3638	4912016
43/6679	4912018
32/4664	4912018
35/5008	4912020
31/5242	4912020
52/1842	4912021
l/TELindquist	4912022
40/5603	4912022
83/6298	4912022
l/TokWangLing	4912023
48/2214	4912024
04/6146	4912024
36/4746	4912027
53/2872	4912030
67/2932	4912030
r/ArnonRosenthal	4912031
13/1907	4912031
85/2356	4912033
58/3034	4912034
r/YoavRaz	4912034
k/EliezerKantorowitz	4912034
s/RudiStuder	4912035
s/KSubieta	4912036
15/2141	4912036
46/1615	4912037
b/MBouzeghoub	4824233
36/3146	4824233
c/MarcoACasanova	4824236
54/401	4824236
97/850	4824236
l/AHFLaender	4824236
50/3009	4824237
k/DavidChenhoKung	4824237
45/3777	4824238
g/MartinGogolla	4824240
58/1769-1	4824240
32/4034	4824240
66/4926	4824241
41/1781	4824241
46/6401	4824242
h/JeanLucHainaut	4824243
07/4967	4824245
c/MarcoACasanova	4824245
f/AntonioLFurtado	4824245
h/CarlosAHeuser	4824246
54/6518	4824246
90/4541	4824247
76/1968	4824247
89/605	4824248
34/86	4824248
98/1138	4824248
t/TobyJTeorey	4824248
j/PaulJohannesson	4824249
07/6103	4824250
s/GunterSaake	4824250
25/3237	4824250
09/5694	4824251
75/6547	4824252
e/RamezElmasri	4824252
l/TokWangLing	4824253
l/MongLiLee	4824253
l/PCLockemann	4824254
m/GuidoMoerkotte	4824254
92/2513	4824256
04/718	4824256
24/5003	4824256
n/ShamkantBNavathe	4824257
86/6391	4824257
p/GPernul	4824259
t/AMinTjoa	4824259
91/167	4824260
s/ArieSegev	4824260
s/MichaelSchrefl	4824262
k/GKappel	4824262
44/2304	4824263
71/176	4824264
s/IlYeolSong	4824265
01/6136	4824265
42/4736	4824266
n/ShamkantBNavathe	4824266
c/SChakravarthy	4824266
k/KKarlapalem	4824266
10/4377	4824267
65/1311	4824269
l/PLoucopoulos	4824269
71/6520	4824269
23/4905	4824271
62/2441	4824271
37/1829	4824271
33/6092	4824272
16/636	3521071
49/4855	3521071
p/RichardFPaige	3521071
33/236	3521071
10/5024	3521072
e/DWEmbley	3521072
l/StephenWLiddle	3521072
65/6588	3521075
c/DiegoCalvanese	3521075
09/3547	3521075
58/3023	3521075
z/MZakharyaschev	3521075
73/4908	3521076
28/895	3521076
b/JBiskup	3521077
41/310	3521077
b/CristianaBolchini	3521078
85/6716	3521078
13/2344	3521078
18/948	3521082
c/AndreaCali	3521085
33/1865	3521087
h/GeertJanHouben	3521087
t/PhilippeThiran	3521087
91/1565	3521100
33/5374	3521100
87/982	3521102
00/1887	3521102
06/5883	3521102
95/6356	3521103
72/6796	3521103
g/AdityaKGhose	3521105
03/6956	3521105
23/291	3521105
h/SvenHartmann	3521112
l/SebastianLink	3521112
j/MustafaJarrar	3521118
44/746	3521119
69/1511	3521119
13/7044	3521123
q/ChristophQuix	3521123
93/2334	3521123
j/MatthiasJarke	3521123
65/6376	3521133
33/5374	3521133
63/2921	3521134
n/WilfredNg	3521134
63/2921	3521135
n/WilfredNg	3521135
33/4232	3521136
s/SWSadiq	3521136
46/5778-1	3521137
k/MarkusKirchberg	3521137
m/SvetlanaMansmann	3521139
18/6780	3521139
s/MarcHScholl	3521139
40/3898	3521144
50/2311	3521144
75/972	3521149
b/PhilipABernstein	3521149
m/SergeyMelnik	3521149
n/WilfredNg	3521152
p/PaoloPapotti	3521154
t/RiccardoTorlone	3521154
81/5940	3521155
67/2097	3521155
50/1035	3521156
b/BoualemBenatallah	3521156
c/FabioCasati	3521156
t/FaroukToumani	3521156
23/1370	3521159
t/OlivierTeste	3521159
90/40	3521159
96/3758	3521159
05/2783	3521170
n/MoiraCNorrie	3521170
s/TorStalhane	3521173
s/GuttormSindre	3521173
03/4748	3521177
e/DWEmbley	3521177
82/4336	3521180
c/RichardChbeir	3521180
27/3959	3521180
t/DavidToman	3521182
81/5447	3521182
24/3477	3521185
09/6014	3521185
99/4453	3521187
l/TokWangLing	3521187
89/5615	3521187
63/6372	4940545
69/1334	4940546
86/3924	4940546
n/EnricoNardelli	4940546
82/5564	4940547
24/5003	4940548
91/350	4940548
83/2691	4940548
37/5679	4940548
c/DougCampbell	4940549
e/DWEmbley	4940549
30/3110	4940549
c/AFCardenas	4940550
63/5117	4940550
30/2809	4940551
53/1200	4940551
67/138	4940551
44/5933	4940552
77/5615	4940553
12/6496	4940553
d/ADogac	4940554
c/PPChen	4940554
92/5536	4940554
43/6777	4940555
e/RamezElmasri	4940556
34/655	4940556
37/6931	4940557
38/2092	4940557
45/3777	4940558
92/5765	4940559
44/5284	4940560
37/1329	4940561
97/6460	4940562
72/2774	4940562
h/IgorHawryszkiewycz	4940563
06/1551	4940564
c/JohnVCarlis	4940564
32/330	4940565
79/1621	4940566
l/MLenzerini	4940567
l/TokWangLing	4940568
35/1668	4940569
39/300	4940570
33/1887	4940571
91/6601	4940572
21/1674	4940573
12/6496	4940573
91/2417	4940574
w/GioWiederhold	4940574
41/3320	4940575
28/1636	4940578
88/3828	4940578
t/RobertoTamassia	4940579
56/5816	4940580
28/3393	4793981
35/2678	4793981
49/3334	4793981
34/478	4793981
s/StefanoSpaccapietra	4793981
t/ZahirTari	4793981
36/3775	4793982
31/2438	4793982
b/SEBratsberg	4793983
08/3075	4793985
r/RPvandeRiet	4793985
c/SilvanaCastano	4793986
a/ValeriaDeAntonellis	4793986
32/4302	4793986
e/RamezElmasri	4793988
75/6547	4793988
89/5569	4793989
09/564	4793990
94/4493	4793990
h/JeanLucHainaut	4793991
79/2305	4793992
g/JamesGeller	4793992
p/YehoshuaPerl	4793992
08/3222	4793993
g/MartinGogolla	4793993
k/GKappel	4793994
s/MichaelSchrefl	4793994
57/3183	4793995
44/4448	4793995
l/TokWangLing	4793996
l/MongLiLee	4793996
28/926	4793997
p/FioraPirri	4793999
p/ClaraPizzuti	4793999
65/6326	4794000
81/4166	4794000
52/2294	4794002
j/PaulJohannesson	4794002
b/JABubenko	4794002
t/ZahirTari	4794003
t/BernhardThalheim	4794004
30/204	4794005
s/MarcHScholl	4794005
97/97	4794006
b/PBaumann-5	4794006
b/JBiskup	3698505
41/310	3698505
181/1848-3	3698614
62/1192	3698614
44/1117	3698614
19/2776	4756909
14/1830	4756909
37/5904	4383442
137/2787	2154850
90/64-1	2154850
w/MathiasWeske	2154850
29/1358	4895061
04/5313	4895072
88/6487	4453968
a/AnastasiaAnalyti	4453968
c/PConstantopoulos	4453968
s/NicolasSpyratos	4453968
90/64-1	2420644
w/MathiasWeske	2420644
81/5223	4873936
24/1227	4873936
83/334	4873958
c/MarcoACasanova	4873958
62/1703	4873958
99/3231	4873958
b/JBiskup	4217485
41/310	4217485
95/3763	4980043
66/4952	4980057
98/758	4119123
72/6380	4119123
l/KJLieberherr	4850792
43/454	4850792
67/3513	4850792
76/1506	3858204
84/5123	3858204
o/MouradChabaneOussalah	3858204
02/5154	2670341
j/PaulJohannesson	2670341
23/4576	2670341
s/PeterScheuermann	4993682
36/6919	4993682
86/1487	4993682
48/2485	4716814
p/BarbaraPernici	4716814
03/4034	4962613
j/SushilJajodia	4962613
30/5754	4962613
n/ShamkantBNavathe	4912026
39/4638	4912026
24/2743	4824270
t/TobyJTeorey	4824270
61/5698	4940576
06/3694	4940576